product_name,Count
Great English Muffins,143
Carrington Ice Cream,140
Nationeel Dried Apples,138
Nationeel Fudge Brownies,138
Excellent Orange Juice,137
Ebony Mixed Nuts,137
Booker String Cheese,137
Steady Childrens Cold Remedy,136
Moms Roasted Chicken,135
Super Chunky Peanut Butter,134
Great Pumpernickel Bread,134
Better Canned Tuna in Oil,133
Gerolli Extra Lean Hamburger,132
Nationeel Golden Raisins,132
Carlson Blueberry Yogurt,131
Thresher Malted Milk Balls,131
Ebony Red Delcious Apples,131
Moms Potato Salad,130
Sunset Paper Towels,130
Carrington Turkey TV Dinner,130
Best Wheat Puffs,129
Skinner Strawberry Drink,129
Better Canned Tomatos,129
Better Chicken Ramen Soup,128
Modell Rye Bread,128
Moms Beef Bologna,128
Sunset Paper Plates,128
Super Extra Chunky Peanut Butter,128
Tell Tale Fresh Lima Beans,128
ADJ Rosy Sunglasses,128
Tri-State Almonds,128
Hilltop Mint Mouthwash,128
Better Fancy Canned Clams,128
Carlson Buttermilk,128
Booker 1% Milk,128
Super Salt,127
Better Chicken Soup,127
Steady Whitening Toothpast,127
Better Chicken Noodle Soup,127
Carlson Sour Cream,127
Hermanos Fresh Lima Beans,127
Best Choice Salsa Dip,127
Black Tie Eyeglass Screwdriver,127
Carlson Havarti Cheese,127
Good Chablis Wine,127
Hermanos Elephant Garlic,126
Monarch Manicotti,126
Best Oatmeal,126
Hermanos Green Pepper,126
Super White Sugar,126
BBB Best Brown Sugar,126
Best Choice Dried Dates,126
Just Right Turkey Noodle Soup,126
Big Time Chicken TV Dinner,125
Great Wheat Bread,125
Carlson Low Fat String Cheese,125
Imagine Frozen Corn,125
Hilltop Silky Smooth Hair Conditioner,125
Super Strawberry Jelly,125
Hermanos Potatos,125
Nationeel Raspberry Fruit Roll,125
Steady 200 MG Ibuprofen,125
Thresher Semi-Sweet Chocolate Bar,125
Musial Bubble Gum,124
CDR Strawberry Preserves,124
Musial Tasty Candy Bar,124
Big Time Frozen Cheese Pizza,124
Carrington Frozen Chicken Wings,124
Best Choice Chocolate Donuts,124
Steady 200 MG Acetominifen,124
Hermanos Macintosh Apples,124
Horatio Frosted Cookies,124
Fast Chocolate Chip Cookies,124
High Top New Potatos,124
Ebony Fresh Lima Beans,124
Even Better Strawberry Yogurt,124
Red Wing Plastic Forks,124
Consolidated Childrens Cold Remedy,124
Pearl White Zinfandel Wine,124
CDR Vegetable Oil,123
Monarch Rice Medly,123
High Top Corn on the Cob,123
Tell Tale Baby Onion,123
Nationeel Strawberry Fruit Roll,123
Bravo Fancy Canned Anchovies,123
Thresher Spicy Mints,123
Ebony Green Pepper,123
Nationeel Avocado Dip,123
Atomic White Chocolate Bar,123
Carrington Apple Cinnamon Waffles,123
Pleasant Fancy Canned Oysters,123
Hermanos Peaches,123
Red Wing Tissues,123
Red Wing AA-Size Batteries,123
Best Choice Low Fat Popcorn,123
Imagine Frozen Cheese Pizza,123
Better Fancy Canned Anchovies,123
PigTail Ice Cream,122
Sunset Plastic Forks,122
Ebony Corn on the Cob,122
Consolidated Mint Mouthwash,122
Skinner Apple Juice,122
Excellent Cranberry Juice,122
Hilltop Apricot Shampoo,122
Sphinx English Muffins,122
Moms Low Fat Cole Slaw,122
Sunset Economy Toilet Brush,122
Moms Chicken Hot Dogs,122
Mighty Good Monthly Sports Magazine,122
Imagine Frozen Chicken Wings,122
Red Wing Glass Cleaner,122
Better Canned String Beans,122
Better Canned Tuna in Water,122
Good Chardonnay Wine,122
Carrington Ice Cream Sandwich,122
Imagine Popsicles,122
Best Choice Golden Raisins,122
Horatio Apple Fruit Roll,122
Best Choice Fudge Cookies,122
Good Imported Beer,122
Urban Egg Substitute,122
Cormorant 60 Watt Lightbulb,121
Sphinx Muffins,121
Ebony Lettuce,121
Toucan Canned Mixed Fruit,121
Big Time Low Fat Waffles,121
Carrington Beef TV Dinner,121
Thresher Bubble Gum,121
Super Apple Jam,121
Tell Tale Lemons,121
Cormorant Paper Cups,121
Fort West BBQ Potato Chips,121
Imagine Fajita French Fries,121
Better Rice Soup,121
BBB Best Apple Butter,121
Just Right Fancy Canned Oysters,121
Tell Tale Sweet Onion,121
Ship Shape Seasoned Hamburger,121
Carrington Frozen Chicken Breast,121
Nationeel Graham Crackers,121
Better Noodle Soup,121
Gauss Monthly Auto Magazine,121
BBB Best Strawberry Jelly,121
Token Cranberry Juice,121
Urban Large Brown Eggs,121
Swell Canned Peaches,121
Landslide Vegetable Oil,120
Hermanos Squash,120
Tell Tale Lettuce,120
Sunset Glass Cleaner,120
Carlson Cheese Spread,120
Steady Conditioning Shampoo,120
Fabulous Strawberry Drink,120
Horatio Raspberry Fruit Roll,120
Hermanos Tomatos,120
Landslide Apple Butter,120
Super Apple Jelly,120
Super Apple Preserves,120
Even Better Havarti Cheese,120
Consolidated Silky Smooth Hair Conditioner,120
Fabulous Orange Juice,120
Great Bagels,120
Bird Call Conditioning Shampoo,120
Tri-State Plums,120
Tell Tale Firm Tofu,120
Even Better Large Curd Cottage Cheese,120
Red Wing Counter Cleaner,120
Akron Eyeglass Screwdriver,120
Hilltop Conditioning Shampoo,120
Excellent Cream Soda,120
Imagine Frozen Mushroom Pizza,120
Urban Small Brown Eggs,120
Ebony Squash,120
Hilltop Deodorant,120
Thresher Mint Chocolate Bar,119
Pleasant Canned Tuna in Water,119
Hilltop Toothpaste,119
Bird Call 200 MG Ibuprofen,119
Carlson Head Cheese,119
BBB Best French Roast Coffee,119
Carrington Frozen Corn,119
Dollar Monthly Home Magazine,119
Fabulous Cranberry Juice,119
Big Time Frozen Chicken Thighs,119
Super Creamy Peanut Butter,119
Nationeel Fondue Mix,119
Great White Bread,119
Carlson Sharp Cheddar Cheese,119
Hilltop 200 MG Acetominifen,119
Nationeel Lemon Cookies,119
Carrington Low Fat Waffles,119
Horatio Salted Pretzels,119
Hermanos Onions,119
Big Time Pancake Mix,119
Excellent Mango Drink,119
Lake Low Fat Cole Slaw,119
Moms Pimento Loaf,119
Red Wing Copper Pot Scrubber,119
Hermanos Golden Delcious Apples,119
Framton City Map,119
Golden Blueberry Waffles,119
Pearl Imported Beer,119
Moms Sliced Chicken,118
Cormorant 25 Watt Lightbulb,118
Big Time Grape Popsicles,118
Hilltop Dishwasher Detergent,118
Best Choice No Salt Popcorn,118
Carlson Chocolate Milk,118
Tri-State Potatos,118
Golden Chicken TV Dinner,118
Big Time Orange Popsicles,118
Swell Canned Mixed Fruit,118
Sphinx Bagels,118
Red Wing 25 Watt Lightbulb,118
Applause Canned Peaches,118
Red Wing 75 Watt Lightbulb,118
Token Mango Drink,118
Super Apple Butter,118
Bravo Fancy Canned Oysters,118
Hilltop Extra Moisture Shampoo,118
Great Rye Bread,118
Carrington Blueberry Waffles,118
Plato Strawberry Jelly,118
Golden Frozen Cheese Pizza,118
Pleasant Chicken Noodle Soup,118
Golden Frozen Carrots,118
Consolidated Multi-Symptom Cold Remedy,118
Skinner Orange Juice,118
Nationeel Grape Fruit Roll,118
Great Blueberry Muffins,118
Carrington Low Fat French Fries,118
Carrington Frozen Pepperoni Pizza,117
Hermanos Mixed Nuts,117
High Top Oranges,117
Cormorant Paper Plates,117
Lake Potato Salad,117
Best Choice Fondue Mix,117
Sunset AAA-Size Batteries,117
Ebony Sweet Onion,117
Red Wing Plastic Knives,117
Footnote Seasoned Hamburger,117
Booker Large Curd Cottage Cheese,117
Cormorant Toilet Paper,117
Good Light Beer,117
Denny 60 Watt Lightbulb,117
Tri-State Honey Dew,117
Medalist Rice Medly,117
Big Time Apple Cinnamon Waffles,117
Mighty Good Monthly Fashion Magazine,117
Black Tie City Map,117
Nationeel Apple Fruit Roll,117
Tell Tale Corn on the Cob,117
High Quality Room Freshener,117
Red Wing Paper Cups,117
Red Wing Economy Toilet Brush,117
Landslide Canola Oil,117
Steady Apricot Shampoo,117
Faux Products Multi-Symptom Cold Remedy,117
Top Measure Chardonnay,117
Hilltop Buffered Aspirin,117
Fabulous Apple Juice,117
High Quality Scented Toilet Tissue,117
Footnote Extra Lean Hamburger,117
Pearl Chablis Wine,117
Carrington Grape Popsicles,117
Hermanos Oranges,117
Red Wing Soft Napkins,117
Carrington Frozen Mushroom Pizza,117
Big Time Lemon Popsicles,116
Skinner Mango Drink,116
Moms Sliced Turkey,116
Fort West Low Fat Popcorn,116
Tri-State Golden Delcious Apples,116
Tri-State Dried Mushrooms,116
Johnson Grits,116
Fort West Dried Apricots,116
Tri-State Corn on the Cob,116
Gorilla Low Fat Cottage Cheese,116
Bird Call 200 MG Acetominifen,116
Hermanos Mandarin Oranges,116
Horatio Cheese Dip,116
Jeffers Grits,116
Ebony Dried Mushrooms,116
Hilltop Childrens Aspirin,116
Hermanos Almonds,116
Hilltop Multi-Symptom Cold Remedy,116
Horatio Low Fat Chips,116
Better Vegetable Soup,116
Sunset Large Sponge,116
Fabulous Cream Soda,116
Discover Spaghetti,116
Sunset Toilet Paper,116
BBB Best Tomato Sauce,116
Sunset 75 Watt Lightbulb,116
Tri-State Peaches,116
Just Right Chicken Ramen Soup,116
Nationeel Potato Chips,116
High Top Mushrooms,116
BBB Best Apple Jam,116
Hermanos Red Pepper,116
Ebony Oranges,116
Carrington Waffles,116
Better Canned Peas,116
Landslide Creamy Peanut Butter,116
Fabulous Mango Drink,116
Hilltop Angled Toothbrush,116
Imagine Frozen Peas,115
Carlson Jack Cheese,115
Plato French Roast Coffee,115
CDR Salt,115
Big Time Frozen Cauliflower,115
Hermanos Cauliflower,115
Portsmouth Light Beer,115
Horatio Chocolate Donuts,115
Faux Products Childrens Aspirin,115
Bird Call Tartar Control Toothpaste,115
Pleasant Canned Peas,115
Big Time Frozen Corn,115
Horatio No Salt Popcorn,115
Carlson 2% Milk,115
Horatio Fudge Cookies,115
Plato Hot Chocolate,115
Hermanos Lemons,115
Sunset Paper Cups,115
Steady Angled Toothbrush,115
Cormorant Screw Driver,115
Nationeel Low Fat Popcorn,115
Tri-State Mixed Nuts,115
Genteel Extra Lean Hamburger,115
BBB Best Sesame Oil,115
CDR Creamy Peanut Butter,115
High Top Squash,115
Colossal Manicotti,115
Pleasant Fancy Canned Clams,115
Special Corn Puffs,115
Hermanos Corn on the Cob,115
Plato White Sugar,115
Steady Tartar Control Toothpaste,115
Hermanos Plums,115
BBB Best Decaf Coffee,114
Nationeel Frosted Cookies,114
Discover Manicotti,114
Tell Tale Fuji Apples,114
Tri-State Sweet Onion,114
Carlson Whole Milk,114
Steady Silky Smooth Hair Conditioner,114
Super Hot Chocolate,114
Blue Label Chicken Soup,114
Musial Mints,114
Booker Jack Cheese,114
Steady HCL Nasal Spray,114
Hilltop HCL Nasal Spray,114
Excel Monthly Home Magazine,114
American Cole Slaw,114
BBB Best Corn Oil,114
Booker Strawberry Yogurt,114
Hermanos Shitake Mushrooms,114
Consolidated Buffered Aspirin,114
Plato Low Fat Apple Butter,114
Gauss Monthly Computer Magazine,114
Hermanos Beets,114
Pleasant Large Canned Shrimp,114
Imagine Frozen Carrots,114
High Quality Large Sponge,114
Hilltop 200 MG Ibuprofen,114
Booker Havarti Cheese,114
CDR Corn Oil,114
Big Time Blueberry Waffles,114
Moms Foot-Long Hot Dogs,114
Tri-State Cauliflower,114
Even Better Chocolate Milk,114
Symphony Rosy Sunglasses,114
Fort West Mini Donuts,114
Gorilla Chocolate Milk,114
Cormorant Scissors,114
Cormorant C-Size Batteries,114
Tri-State Tangerines,114
Best Choice Dried Apples,114
Fabulous Apple Drink,114
Nationeel Mini Donuts,114
Cormorant Bees Wax Candles,114
Top Measure White Zinfandel Wine,114
Cutting Edge Corned Beef,114
Super Grape Jam,114
Fast Fondue Mix,113
Big Time Frozen Pepperoni Pizza,113
Blue Label Beef Soup,113
Monarch Spaghetti,113
Sphinx Wheat Bread,113
Hermanos Summer Squash,113
Gauss Monthly Sports Magazine,113
Moms Low Fat Bologna,113
Sunset Counter Cleaner,113
Cormorant AAA-Size Batteries,113
Red Wing Room Freshener,113
Gulf Coast Semi-Sweet Chocolate Bar,113
Gorilla 2% Milk,113
Horatio Dried Apricots,113
Fort West Potato Chips,113
Hermanos Firm Tofu,113
Denny Frying Pan,113
Atomic Mints,113
Golden Frozen Chicken Wings,113
Sunset Copper Pot Scrubber,113
Red Wing AAA-Size Batteries,113
Denny AAA-Size Batteries,113
Nationeel Corn Chips,113
Sunset Scented Tissue,113
Sunset Screw Driver,113
Lake Pimento Loaf,113
Pleasant Noodle Soup,113
PigTail Chicken TV Dinner,113
Lake Sliced Chicken,113
Tri-State New Potatos,113
Tell Tale Cantelope,113
Sunset 100 Watt Lightbulb,113
Dollar Monthly Sports Magazine,112
Big Time Lime Popsicles,112
Nationeel Chocolate Donuts,112
Tell Tale Tomatos,112
James Bay City Map,112
Big Time Frozen Chicken Breast,112
High Top Green Pepper,112
Best Choice Frosted Donuts,112
Bravo Large Canned Shrimp,112
Fast Frosted Cookies,112
Medalist Thai Rice,112
Musial Spicy Mints,112
Fantastic Rye Bread,112
Sunset Tissues,112
Ebony Broccoli,112
Faux Products Conditioning Shampoo,112
Fast Avocado Dip,112
Excellent Cola,112
Plato Apple Jam,112
Tri-State Broccoli,112
Fast Apple Fruit Roll,112
Golden Frozen Corn,112
Imagine Frozen Pancakes,112
Bravo Fancy Canned Sardines,112
Ebony Tangerines,112
Plato Corn Oil,112
Horatio Sugar Cookies,112
Plato Apple Preserves,112
Bravo Beef Soup,112
Portsmouth Light Wine,112
Ebony Fancy Plums,112
Sunset Soft Napkins,112
Fort West Beef Jerky,112
Hermanos Baby Onion,112
Tell Tale New Potatos,112
Thresher Tasty Candy Bar,112
Fort West Cheese Dip,112
Dollar Monthly Computer Magazine,112
Pearl Light Beer,112
Just Right Canned Yams,112
Musial Mint Chocolate Bar,112
Fast Low Fat BBQ Chips,112
High Quality 25 Watt Lightbulb,112
Ebony Macintosh Apples,112
Big Time Frozen Sausage Pizza,111
Cormorant Large Sponge,111
Cormorant Scented Toilet Tissue,111
Denny Copper Pot Scrubber,111
Pleasant Chicken Ramen Soup,111
Golden Frozen Mushroom Pizza,111
Special Wheat Puffs,111
Horatio Cheese Crackers,111
Super Grape Preserves,111
Jardon Ravioli,111
Just Right Rice Soup,111
Fort West Fondue Mix,111
Best Grits,111
Faux Products 200 MG Ibuprofen,111
BBB Best Canola Oil,111
Plato Pepper,111
Fort West Low Fat Cookies,111
Cutting Edge Sliced Ham,111
Big Time Frozen Broccoli,111
High Quality Frying Pan,111
Sunset D-Size Batteries,111
Pearl Chardonnay Wine,111
Ebony Almonds,111
Carlson String Cheese,111
Tell Tale Mixed Nuts,111
Consolidated Conditioning Shampoo,111
Choice Spicy Mints,111
Framton Eyeglass Screwdriver,111
BBB Best Apple Preserves,111
Just Right Chicken Noodle Soup,111
Faux Products Apricot Shampoo,111
Big Time Fajita French Fries,111
High Top Mandarin Oranges,111
Fort West Fudge Cookies,111
Tell Tale Limes,111
Nationeel Dried Dates,111
Fantastic English Muffins,111
Even Better Sour Cream,111
Better Fancy Canned Sardines,111
Curlew Lox,111
Plato Chunky Peanut Butter,111
Golden Ice Cream,111
Carrington Chicken TV Dinner,111
Fort West Golden Raisins,111
Fast Cheese Dip,111
CDR Hot Chocolate,111
Super Pepper,111
Tri-State Elephant Garlic,111
Consolidated Whitening Toothpast,111
Ebony Walnuts,111
Denny 75 Watt Lightbulb,111
High Quality D-Size Batteries,111
Horatio Sesame Crackers,111
Hermanos Lettuce,111
High Top Honey Dew,111
Token Cream Soda,111
Imagine Beef TV Dinner,111
Thresher White Chocolate Bar,110
Quick Extra Lean Hamburger,110
High Quality Bees Wax Candles,110
Shady Lake Ravioli,110
PigTail Blueberry Waffles,110
Fast Graham Crackers,110
Ebony Garlic,110
Ebony Limes,110
Colossal Spaghetti,110
Lake Sliced Turkey,110
Best Choice Beef Jerky,110
Sunset Copper Cleaner,110
Ebony Cauliflower,110
Johnson Oatmeal,110
Cutting Edge Sliced Chicken,110
High Top Summer Squash,110
PigTail Popsicles,110
Denny Silver Cleaner,110
Better Turkey Noodle Soup,110
Portsmouth Imported Beer,110
Fantastic Pumpernickel Bread,110
Horatio Dried Apples,110
Cormorant Scented Tissue,110
Sphinx Rye Bread,110
Cutting Edge Low Fat Bologna,110
Red Spade Sliced Turkey,110
Cormorant Counter Cleaner,110
Carrington Lemon Popsicles,110
Sphinx White Bread,110
Gulf Coast Bubble Gum,110
Gulf Coast Mint Chocolate Bar,110
Red Wing D-Size Batteries,110
Ebony Golden Delcious Apples,110
Tri-State Party Nuts,110
Faux Products Laundry Detergent,110
Carlson 1% Milk,110
Plato Canola Oil,110
Carlson Low Fat Sour Cream,110
Good White Zinfandel Wine,110
Fast Cheese Crackers,110
High Quality Scissors,110
Carrington Popsicles,110
Choice Mint Chocolate Bar,110
Colossal Ravioli,110
Bird Call Childrens Cold Remedy,110
Tell Tale Party Nuts,110
Better Creamed Corn,110
Modell Muffins,110
Horatio Graham Crackers,110
Best Choice Avocado Dip,110
Plato Tomato Sauce,110
PigTail Waffles,109
Best Choice Graham Crackers,109
Super Corn Oil,109
Tri-State Macintosh Apples,109
High Top Cauliflower,109
Nationeel Sesame Crackers,109
Landslide Low Fat Apple Butter,109
Excellent Apple Drink,109
Fort West Avocado Dip,109
Just Right Canned Beets,109
Cormorant Silver Cleaner,109
Imagine Ice Cream,109
Toucan Canned Peaches,109
CDR Pepper,109
American Turkey Hot Dogs,109
Golden Frozen Broccoli,109
Denny Toilet Paper,109
Booker Low Fat String Cheese,109
Shady Lake Rice Medly,109
Big Time Beef TV Dinner,109
Plato Strawberry Jam,109
BBB Best Vegetable Oil,109
Best Choice Mini Donuts,109
Just Right Canned String Beans,109
Discover Thai Rice,109
Hermanos New Potatos,109
American Roasted Chicken,109
Great Cranberry Muffins,109
Modell Pumpernickel Bread,109
Nationeel Salted Pretzels,109
Bravo Canned Tomatos,109
Choice Mints,109
Musial Semi-Sweet Chocolate Bar,109
Nationeel BBQ Potato Chips,109
Nationeel Fudge Cookies,109
Gorilla Large Curd Cottage Cheese,109
Pleasant Fancy Canned Anchovies,109
Cormorant Plastic Forks,109
Golden Pancake Mix,109
Johnson Corn Puffs,109
Golden Lemon Popsicles,109
Super Sesame Oil,109
Tri-State Shitake Mushrooms,109
Red Spade Cole Slaw,109
Pleasant Fancy Canned Sardines,109
Tell Tale Red Pepper,109
Red Spade Sliced Ham,109
Nationeel Dried Apricots,109
Tell Tale Dried Mushrooms,109
PigTail Pancake Mix,108
Top Measure Light Wine,108
Good Light Wine,108
High Top Lemons,108
Denny Plastic Forks,108
Fantastic Muffins,108
Landslide Strawberry Preserves,108
PigTail Frozen Chicken Thighs,108
Ebony Elephant Garlic,108
Lake Turkey Hot Dogs,108
Excellent Diet Soda,108
Big Time Frozen Peas,108
Best Choice Cheese Dip,108
Big Time Popsicles,108
Plato Extra Chunky Peanut Butter,108
Consolidated Angled Toothbrush,108
Super Tomato Sauce,108
Mighty Good Monthly Home Magazine,108
Super Strawberry Jam,108
Landslide Strawberry Jam,108
American Sliced Turkey,108
Faux Products Dishwasher Detergent,108
Horatio Golden Raisins,108
Blue Label Fancy Canned Oysters,108
Faux Products Mint Mouthwash,108
Golden Frozen Cauliflower,108
Token Diet Cola,108
Red Spade Sliced Chicken,108
Sunset Plastic Knives,108
Steady Multi-Symptom Cold Remedy,108
Hermanos Party Nuts,108
Jeffers Oatmeal,108
Sunset Toilet Bowl Cleaner,108
Discover Rice Medly,108
Pearl Chardonnay,108
Tri-State Baby Onion,108
Super Vegetable Oil,108
Gorilla Blueberry Yogurt,108
Blue Label Chicken Ramen Soup,108
Red Wing 60 Watt Lightbulb,108
Denny Scissors,108
Tell Tale Red Delcious Apples,108
Quick Seasoned Hamburger,108
Bravo Noodle Soup,108
Fast Frosted Donuts,108
Landslide Grape Preserves,108
Nationeel Buttered Popcorn,108
National Large Eggs,108
Hermanos Mushrooms,108
Landslide Brown Sugar,108
Just Right Fancy Canned Clams,108
Tri-State Fresh Lima Beans,108
Even Better Sharp Cheddar Cheese,108
Landslide Decaf Coffee,108
Faux Products Deodorant,107
Horatio Frosted Donuts,107
Gorilla Low Fat String Cheese,107
High Top Tangerines,107
Giant Small Eggs,107
Giant Large Eggs,107
Carrington Frozen Carrots,107
Pleasant Chicken Soup,107
Faux Products Whitening Toothpast,107
Super Decaf Coffee,107
Horatio Potato Chips,107
Carrington Frozen Pancakes,107
High Quality Copper Cleaner,107
Ebony Shitake Mushrooms,107
CDR Grape Jam,107
Medalist Spaghetti,107
PigTail Home Style French Fries,107
Tri-State Limes,107
Ebony New Potatos,107
Blue Label Regular Ramen Soup,107
Amigo Scallops,107
Sunset Frying Pan,107
Fast Salted Pretzels,107
PigTail Frozen Pepperoni Pizza,107
Even Better Low Fat String Cheese,107
Best Choice Fudge Brownies,107
BBB Best Creamy Peanut Butter,107
Ebony Prepared Salad,107
Consolidated Toothpaste,107
Modell Blueberry Muffins,107
Imagine Frozen Pepperoni Pizza,107
Red Wing Paper Plates,107
Steady Laundry Detergent,107
Radius Grits,107
Golden Apple Cinnamon Waffles,107
BBB Best Regular Coffee,107
Golden Frozen Pancakes,107
Bird Call HCL Nasal Spray,107
Imagine Low Fat Waffles,107
Carrington Frozen Sausage Pizza,107
Sunset Room Freshener,107
Sunset AA-Size Batteries,107
Booker Blueberry Yogurt,107
CDR Apple Jelly,107
Walrus Chablis Wine,107
Cutting Edge Pimento Loaf,107
Carrington Frozen Peas,107
Fast Beef Jerky,107
Gorilla Mild Cheddar Cheese,107
Denny 25 Watt Lightbulb,107
Denny 100 Watt Lightbulb,107
Consolidated 200 MG Ibuprofen,106
Just Right Canned Tomatos,106
Bravo Chicken Noodle Soup,106
Gorilla Low Fat Sour Cream,106
American Beef Bologna,106
BBB Best Apple Jelly,106
Tell Tale Tangerines,106
Washington Cola,106
Carrington Home Style French Fries,106
Tell Tale Elephant Garlic,106
Great Muffins,106
Gulf Coast Mints,106
Colony English Muffins,106
Nationeel Salsa Dip,106
Modell English Muffins,106
Cutting Edge Cole Slaw,106
Blue Label Large Canned Shrimp,106
Cutting Edge Potato Salad,106
Club Jack Cheese,106
Ebony Plums,106
Tell Tale Cauliflower,106
Blue Label Canned Tuna in Water,106
Hermanos Fancy Plums,106
Cormorant Soft Napkins,106
Consolidated Childrens Aspirin,106
Even Better Whole Milk,106
BBB Best Oregano,106
Imagine Frozen Chicken Thighs,106
Horatio Grape Fruit Roll,106
Johnson Wheat Puffs,106
BBB Best Grape Jam,106
Ebony Canned Peanuts,106
Hermanos Sweet Onion,106
Cormorant Frying Pan,106
Cormorant Copper Pot Scrubber,106
Blue Label Noodle Soup,106
Pleasant Canned Beets,106
Choice Malted Milk Balls,106
Giant Large Brown Eggs,106
Hilltop Laundry Detergent,106
PigTail Frozen Mushroom Pizza,106
Best Choice Grape Fruit Roll,106
Super Low Fat Apple Butter,106
Fast Raisins,106
Red Spade Low Fat Bologna,106
Steady Extra Moisture Shampoo,106
Horatio Salsa Dip,106
Fast Grape Fruit Roll,106
Imagine Frozen Sausage Pizza,105
Akron City Map,105
Best Choice Sesame Crackers,105
PigTail Frozen Sausage Pizza,105
Denny Screw Driver,105
Bravo Canned Tuna in Oil,105
Plato Creamy Peanut Butter,105
Good Merlot Wine,105
Gorilla Strawberry Yogurt,105
Golden Frozen Sausage Pizza,105
High Top Potatos,105
Even Better 2% Milk,105
Lake Corned Beef,105
Thresher Mints,105
Better Canned Beets,105
Excellent Apple Juice,105
Excel Monthly Auto Magazine,105
Booker Head Cheese,105
Carlson Low Fat Cottage Cheese,105
Hilltop Tartar Control Toothpaste,105
Sunset Plastic Spoons,105
Fast Dried Apples,105
Horatio Fudge Brownies,105
Tri-State Prepared Salad,105
Horatio Fondue Mix,105
Skinner Diet Cola,105
Super French Roast Coffee,105
Tri-State Red Delcious Apples,105
Lake Chicken Hot Dogs,105
BBB Best Strawberry Preserves,105
Blue Label Turkey Noodle Soup,105
Portsmouth Merlot Wine,105
Plato Apple Jelly,105
Big Time Frozen Pancakes,105
Tri-State Mushrooms,105
Sphinx Pumpernickel Bread,105
Plato Vegetable Oil,105
Choice White Chocolate Bar,105
American Corned Beef,105
Skinner Cola,105
Lake Sliced Ham,105
Just Right Fancy Canned Sardines,105
Pleasant Vegetable Soup,105
Cormorant 75 Watt Lightbulb,105
Hilltop Childrens Cold Remedy,105
Moms Turkey Hot Dogs,105
Blue Label Canned Yams,105
Club Mild Cheddar Cheese,105
Pleasant Canned Tomatos,105
Curlew Scallops,105
Big City Canned Mixed Fruit,105
Steady Dishwasher Detergent,105
Cormorant 100 Watt Lightbulb,105
Imagine Lime Popsicles,105
Plato Brown Sugar,105
Lake Roasted Chicken,105
High Top Sweet Onion,105
Big Time Ice Cream Sandwich,105
Toretti Rosy Sunglasses,105
Tri-State Walnuts,105
High Top Baby Onion,105
High Top Asparagus,105
Blue Label Canned Peas,104
Fast Low Fat Popcorn,104
Red Wing 100 Watt Lightbulb,104
Skinner Apple Drink,104
BBB Best Grape Jelly,104
Steady Childrens Aspirin,104
Consolidated 200 MG Acetominifen,104
Tell Tale Fancy Plums,104
Landslide Salt,104
Booker Buttermilk,104
Cutting Edge Foot-Long Hot Dogs,104
Super Grape Jelly,104
Better Canned Yams,104
Horatio Strawberry Fruit Roll,104
Big Time Turkey TV Dinner,104
Pleasant Beef Soup,104
Imagine Ice Cream Sandwich,104
Tell Tale Oranges,104
CDR Canola Oil,104
Super Columbian Coffee,104
Portsmouth White Zinfandel Wine,104
BBB Best Pepper,104
High Quality Toilet Paper,104
Faux Products HCL Nasal Spray,104
Tri-State Cantelope,104
Bird Call Childrens Aspirin,104
Imagine Frozen Chicken Breast,104
Gulf Coast Spicy Mints,104
High Top Macintosh Apples,104
Fort West Buttered Popcorn,104
Portsmouth Chablis Wine,104
Tell Tale Green Pepper,104
Red Wing Screw Driver,104
Fantastic Cranberry Muffins,104
Even Better Jack Cheese,104
PigTail Beef TV Dinner,104
American Pimento Loaf,104
Carrington Frozen Broccoli,104
Golden Lime Popsicles,104
Bird Call Dishwasher Detergent,104
Carlson Strawberry Yogurt,104
Club Cheese Spread,104
CDR Low Fat Apple Butter,104
BBB Best Grape Preserves,104
Walrus Merlot Wine,104
Golden Low Fat French Fries,104
Token Berry Juice,104
Nationeel Chocolate Chip Cookies,104
American Sliced Ham,104
Sunset Silver Cleaner,104
Booker Low Fat Sour Cream,104
Even Better Mild Cheddar Cheese,104
Horatio Dried Dates,104
Carrington Frozen Cauliflower,104
Booker Cheese Spread,103
PigTail Frozen Carrots,103
Red Wing Plastic Spoons,103
Excellent Diet Cola,103
Carlson Muenster Cheese,103
Dollar Monthly Fashion Magazine,103
Nationeel Frosted Donuts,103
Best Choice Raspberry Fruit Roll,103
Ebony Party Nuts,103
Golden Beef TV Dinner,103
Moms Cole Slaw,103
Just Right Noodle Soup,103
Faux Products Buffered Aspirin,103
Denny Glass Cleaner,103
Fast Low Fat Chips,103
Nationeel Low Fat Chips,103
Ebony Red Pepper,103
Robust Monthly Sports Magazine,103
High Top Garlic,103
Super Brown Sugar,103
Bird Call Apricot Shampoo,103
Tell Tale Honey Dew,103
Cutting Edge Chicken Hot Dogs,103
CDR Regular Coffee,103
Bravo Canned Beets,103
Imagine Low Fat French Fries,103
Faux Products Childrens Cold Remedy,103
Red Wing Toilet Bowl Cleaner,103
Fantastic Wheat Bread,103
Super Oregano,103
Hermanos Walnuts,103
Plato Salt,103
Tri-State Lemons,103
Just Right Beef Soup,103
CDR Decaf Coffee,103
Hermanos Limes,103
PigTail Fajita French Fries,103
Blue Medal Small Eggs,103
Carlson Mild Cheddar Cheese,103
Choice Semi-Sweet Chocolate Bar,103
Sunset 25 Watt Lightbulb,103
Robust Monthly Computer Magazine,103
Gorilla Sour Cream,103
Tell Tale Peaches,103
Even Better String Cheese,103
Colony White Bread,103
Best Choice Sugar Cookies,103
Bird Call Mint Mouthwash,103
Kiwi Lox,103
Landslide Corn Oil,103
Red Wing Bees Wax Candles,103
Kiwi Scallops,103
High Quality 100 Watt Lightbulb,103
BBB Best White Sugar,102
Applause Canned Mixed Fruit,102
Super Strawberry Preserves,102
Just Right Vegetable Soup,102
Club 1% Milk,102
PigTail Frozen Cauliflower,102
Skinner Cream Soda,102
Plato Grape Jam,102
High Top Red Delcious Apples,102
Hermanos Sweet Peas,102
Bravo Canned Yams,102
Prelude Rosy Sunglasses,102
Fast Sugar Cookies,102
Hermanos Canned Peanuts,102
Big Time Ice Cream,102
Fast Raspberry Fruit Roll,102
Lake Foot-Long Hot Dogs,102
Just Right Fancy Canned Anchovies,102
Better Regular Ramen Soup,102
Imagine Home Style French Fries,102
Sphinx Cranberry Muffins,102
Gerolli Seasoned Hamburger,102
BBB Best Salt,102
Better Large Canned Shrimp,102
Ebony Lemons,102
High Top Prepared Salad,102
Better Fancy Canned Oysters,102
Big City Canned Peaches,102
Ebony Fuji Apples,102
Genteel Seasoned Hamburger,102
Dual City Lox,102
Booker Muenster Cheese,102
Shady Lake Thai Rice,102
Imagine Frozen Broccoli,102
Club Low Fat Sour Cream,102
CDR Columbian Coffee,102
Fantastic Bagels,102
Sunset 60 Watt Lightbulb,102
Horatio Low Fat Popcorn,102
Excellent Berry Juice,102
Moms Sliced Ham,102
Fort West Fudge Brownies,102
Ebony Potatos,102
Gulf Coast Malted Milk Balls,102
Tri-State Squash,102
PigTail Frozen Broccoli,102
High Quality 60 Watt Lightbulb,102
Radius Wheat Puffs,102
Fantastic White Bread,102
Jardon Thai Rice,102
Robust Monthly Auto Magazine,101
High Quality Glass Cleaner,101
Hilltop Whitening Toothpast,101
Red Wing Toilet Paper,101
Musial Malted Milk Balls,101
High Quality Tissues,101
Landslide Strawberry Jelly,101
Nationeel Cheese Crackers,101
Landslide French Roast Coffee,101
Bravo Canned Peas,101
Tell Tale Golden Delcious Apples,101
Colony Cranberry Muffins,101
Colony Wheat Bread,101
Gauss Monthly Fashion Magazine,101
Cutting Edge Beef Bologna,101
Nationeel Cheese Dip,101
Just Right Canned Tuna in Oil,101
Club Buttermilk,101
Fabulous Cola,101
Carrington Orange Popsicles,101
Fantastic Blueberry Muffins,101
High Top Mixed Nuts,101
Best Choice Strawberry Fruit Roll,101
Gulf Coast White Chocolate Bar,101
High Quality AAA-Size Batteries,101
Golden Low Fat Waffles,101
Landslide Grape Jam,101
Excel Monthly Sports Magazine,101
Fort West Chocolate Donuts,101
Tri-State Mandarin Oranges,101
PigTail Frozen Cheese Pizza,101
Best Choice Apple Fruit Roll,101
Bravo Regular Ramen Soup,101
Lake Cole Slaw,101
Landslide Grape Jelly,101
Tri-State Oranges,101
Gorilla Cheese Spread,101
Gorilla Havarti Cheese,101
Imagine Lemon Popsicles,101
Modell Wheat Bread,101
High Quality Silver Cleaner,101
Mighty Good Monthly Auto Magazine,101
Tell Tale Beets,101
Fort West Dried Dates,101
Denny Scented Toilet Tissue,101
BBB Best Extra Chunky Peanut Butter,101
High Top Dried Mushrooms,101
Cormorant Plastic Knives,101
High Top Walnuts,101
Ebony Beets,101
Green Ribbon Canned Mixed Fruit,101
Medalist Manicotti,101
Landslide Chunky Peanut Butter,101
PigTail Low Fat French Fries,101
Good Chardonnay,101
Portsmouth Chardonnay Wine,100
Token Diet Soda,100
Steady Mint Mouthwash,100
Cormorant AA-Size Batteries,100
Colony Rye Bread,100
Fort West Salted Pretzels,100
Ship Shape Extra Lean Hamburger,100
Imagine Grape Popsicles,100
Red Spade Turkey Hot Dogs,100
Plato Sesame Oil,100
High Quality Soft Napkins,100
Cormorant D-Size Batteries,100
Golden Fajita French Fries,100
Denny Plastic Knives,100
American Low Fat Bologna,100
High Quality Paper Cups,100
Nationeel Low Fat Cookies,100
Carrington Pancake Mix,100
Big Time Waffles,100
American Low Fat Cole Slaw,100
Tri-State Sweet Peas,100
Bravo Vegetable Soup,100
CDR Apple Jam,100
Plato Grape Preserves,100
Sunset C-Size Batteries,100
Top Measure Chablis Wine,100
Red Wing Silver Cleaner,100
High Top Fuji Apples,100
Tell Tale Summer Squash,100
Fort West No Salt Popcorn,100
Best Corn Puffs,100
Denny Toilet Bowl Cleaner,100
Denny Plastic Spoons,100
Fabulous Berry Juice,100
Portsmouth Chardonnay,100
Even Better 1% Milk,100
Club Sour Cream,100
Fort West Frosted Donuts,100
Best Choice Buttered Popcorn,100
High Top Beets,100
Big Time Frozen Carrots,100
Atomic Bubble Gum,100
Booker Whole Milk,100
Gorilla Jack Cheese,100
Red Wing Copper Cleaner,100
Best Choice Cheese Crackers,100
Landslide Apple Jam,100
Nationeel Sugar Cookies,100
Bravo Chicken Soup,100
James Bay Eyeglass Screwdriver,100
Gorilla Muenster Cheese,99
CDR Strawberry Jelly,99
Modell Bagels,99
Even Better Blueberry Yogurt,99
High Quality Copper Pot Scrubber,99
Pearl Merlot Wine,99
Red Wing Paper Towels,99
Denny Paper Cups,99
National Large Brown Eggs,99
Cormorant Copper Cleaner,99
Consolidated Deodorant,99
Radius Corn Puffs,99
Fort West Strawberry Fruit Roll,99
High Top Canned Peanuts,99
Denny Counter Cleaner,99
Bird Call Angled Toothbrush,99
Red Spade Low Fat Cole Slaw,99
Lake Beef Bologna,99
Ebony Mandarin Oranges,99
Ebony Summer Squash,99
Golden Frozen Chicken Thighs,99
Mighty Good Monthly Computer Magazine,99
Medalist Ravioli,99
High Top Elephant Garlic,99
Hermanos Red Delcious Apples,99
Steady Toothpaste,99
Washington Cranberry Juice,99
Fort West Dried Apples,99
Landslide Hot Chocolate,99
Golden Frozen Peas,99
Blue Label Chicken Noodle Soup,99
Red Spade Beef Bologna,99
Club Chocolate Milk,99
Fort West Sesame Crackers,99
Bird Call Whitening Toothpast,99
PigTail Frozen Corn,99
Excel Monthly Computer Magazine,99
Pearl Light Wine,99
Fast Buttered Popcorn,99
Club String Cheese,99
Ebony Mushrooms,99
BBB Best Strawberry Jam,99
Golden Ice Cream Sandwich,99
Denny Scented Tissue,99
Monarch Ravioli,99
Blue Label Canned Tomatos,98
Consolidated Extra Moisture Shampoo,98
Cormorant Economy Toilet Brush,98
Faux Products 200 MG Acetominifen,98
Even Better Buttermilk,98
BBB Best Chunky Peanut Butter,98
American Foot-Long Hot Dogs,98
Fast Chocolate Donuts,98
Bird Call Deodorant,98
Tell Tale Plums,98
PigTail Ice Cream Sandwich,98
Gorilla Sharp Cheddar Cheese,98
National Small Brown Eggs,98
Ebony Baby Onion,98
PigTail Low Fat Waffles,98
Carrington Lime Popsicles,98
Golden Popsicles,98
Even Better Head Cheese,98
Cutting Edge Low Fat Cole Slaw,98
Carrington Frozen Cheese Pizza,98
Jardon Spaghetti,98
Golden Orange Popsicles,98
Fast Lemon Cookies,98
Denny Paper Towels,98
Bravo Fancy Canned Clams,98
Gorilla 1% Milk,98
Cormorant Plastic Spoons,98
Jeffers Wheat Puffs,98
Nationeel Low Fat BBQ Chips,98
High Top Red Pepper,98
Super Regular Coffee,98
Booker Low Fat Cottage Cheese,98
Big Time Frozen Chicken Wings,98
Hermanos Asparagus,98
Just Right Creamed Corn,98
Just Right Chicken Soup,98
Denny D-Size Batteries,98
Jumbo Egg Substitute,98
Choice Tasty Candy Bar,98
Club Muenster Cheese,98
Tri-State Asparagus,98
Bird Call Multi-Symptom Cold Remedy,98
Booker Mild Cheddar Cheese,98
Imagine Blueberry Waffles,98
Lake Low Fat Bologna,98
Fast BBQ Potato Chips,98
Cormorant Room Freshener,98
Token Cola,97
Excellent Strawberry Drink,97
Booker Chocolate Milk,97
High Quality Plastic Knives,97
Token Apple Drink,97
Fort West Graham Crackers,97
Booker Sharp Cheddar Cheese,97
Tri-State Firm Tofu,97
Bird Call Extra Moisture Shampoo,97
Best Choice Low Fat Chips,97
Fort West Lemon Cookies,97
Tip Top Lox,97
BBB Best Columbian Coffee,97
Dual City Scallops,97
Giant Small Brown Eggs,97
Blue Label Fancy Canned Anchovies,97
Better Beef Soup,97
Bravo Rice Soup,97
Faux Products Extra Moisture Shampoo,97
Tell Tale Sweet Peas,97
Carlson Large Curd Cottage Cheese,97
Fort West Chocolate Chip Cookies,97
Urban Large Eggs,97
Cutting Edge Roasted Chicken,97
Tell Tale Squash,97
Fort West Raisins,97
High Top Golden Delcious Apples,97
High Top Almonds,97
Tell Tale Broccoli,97
Even Better Muenster Cheese,97
Jumbo Large Eggs,97
Ebony Sweet Peas,97
Horatio BBQ Potato Chips,97
Fast No Salt Popcorn,97
Gorilla Head Cheese,97
High Top Peaches,97
High Top Cantelope,97
Denny AA-Size Batteries,97
Fort West Grape Fruit Roll,97
Walrus Imported Beer,97
Urban Small Eggs,97
Special Grits,97
Carrington Frozen Chicken Thighs,97
Fast Sesame Crackers,97
Fast Dried Apricots,97
Imagine Apple Cinnamon Waffles,97
Queen Eyeglass Screwdriver,97
Big Time Frozen Mushroom Pizza,97
Fort West Low Fat Chips,97
Bravo Canned Tuna in Water,97
Denny Bees Wax Candles,96
Best Choice Corn Chips,96
Hermanos Prepared Salad,96
Ebony Peaches,96
Plato Decaf Coffee,96
High Top Firm Tofu,96
Skinner Cranberry Juice,96
Tri-State Summer Squash,96
Special Oatmeal,96
Tell Tale Potatos,96
Blue Label Canned Tuna in Oil,96
Denny Large Sponge,96
Imagine Chicken TV Dinner,96
CDR White Sugar,96
High Quality AA-Size Batteries,96
Walrus White Zinfandel Wine,96
Denny Tissues,96
Even Better Cheese Spread,96
Cutting Edge Turkey Hot Dogs,96
Super Canola Oil,96
Jardon Manicotti,96
Carrington Fajita French Fries,96
Blue Label Vegetable Soup,96
Sunset Scented Toilet Tissue,96
Horatio Raisins,96
Steady Deodorant,96
Red Wing C-Size Batteries,96
Ebony Asparagus,96
Imagine Waffles,96
Denny Paper Plates,96
Horatio Low Fat Cookies,96
Blue Medal Large Eggs,96
Hermanos Tangerines,96
Jeffers Corn Puffs,96
Moms Corned Beef,96
High Top Sweet Peas,95
Cormorant Tissues,95
Consolidated HCL Nasal Spray,95
Horatio Corn Chips,95
High Top Broccoli,95
Imagine Turkey TV Dinner,95
Just Right Canned Tuna in Water,95
Tri-State Fancy Plums,95
Denny C-Size Batteries,95
Tri-State Lettuce,95
Gorilla Buttermilk,95
High Top Party Nuts,95
Colony Pumpernickel Bread,95
Plato Regular Coffee,95
Washington Orange Juice,95
Ebony Firm Tofu,95
Tell Tale Walnuts,95
Fort West Corn Chips,95
Tip Top Scallops,95
Hermanos Garlic,95
Blue Medal Large Brown Eggs,95
Musial White Chocolate Bar,95
PigTail Frozen Chicken Wings,95
Landslide Pepper,95
Blue Medal Small Brown Eggs,95
Fast Salsa Dip,95
Red Wing Large Sponge,95
Best Choice Potato Chips,95
Ebony Honey Dew,95
Fort West Sugar Cookies,95
PigTail Frozen Pancakes,95
Gauss Monthly Home Magazine,95
Fort West Cheese Crackers,95
High Quality Plastic Forks,95
Even Better Low Fat Sour Cream,94
Horatio Low Fat BBQ Chips,94
Pleasant Canned Tuna in Oil,94
Booker 2% Milk,94
Red Spade Foot-Long Hot Dogs,94
American Sliced Chicken,94
Bird Call Silky Smooth Hair Conditioner,94
Tri-State Red Pepper,94
Plato Strawberry Preserves,94
Faux Products Angled Toothbrush,94
Best Choice Raisins,94
CDR Grape Preserves,94
Tell Tale Asparagus,94
High Top Shitake Mushrooms,94
Club Blueberry Yogurt,94
Consolidated Laundry Detergent,94
CDR Strawberry Jam,94
Blue Medal Egg Substitute,94
Imagine Pancake Mix,94
Jumbo Small Brown Eggs,94
Just Right Regular Ramen Soup,94
Colossal Thai Rice,94
PigTail Turkey TV Dinner,94
Horatio Avocado Dip,94
High Top Limes,94
Excel Monthly Fashion Magazine,94
PigTail Apple Cinnamon Waffles,94
Tell Tale Shitake Mushrooms,93
Denny Copper Cleaner,93
Red Wing Frying Pan,93
Imagine Orange Popsicles,93
Ebony Cantelope,93
Discover Ravioli,93
BBB Best Hot Chocolate,93
High Top Fresh Lima Beans,93
Top Measure Imported Beer,93
Red Spade Roasted Chicken,93
Even Better Low Fat Cottage Cheese,93
Blue Label Canned Beets,93
Hermanos Fuji Apples,93
Landslide Oregano,93
Fast Fudge Cookies,93
Atomic Mint Chocolate Bar,93
Club Sharp Cheddar Cheese,93
CDR Apple Butter,93
Tri-State Tomatos,93
High Top Tomatos,93
Fast Fudge Brownies,93
Fort West Frosted Cookies,93
Plato Oregano,93
Club Havarti Cheese,93
Big Time Low Fat French Fries,93
Bird Call Toothpaste,93
Dollar Monthly Auto Magazine,93
Best Choice Salted Pretzels,93
Tell Tale Prepared Salad,93
Pleasant Creamed Corn,93
CDR Chunky Peanut Butter,93
Pleasant Regular Ramen Soup,93
Fort West Apple Fruit Roll,93
Fabulous Diet Soda,93
Walrus Chardonnay,93
PigTail Orange Popsicles,93
Jardon Rice Medly,92
Washington Diet Soda,92
Golden Home Style French Fries,92
Top Measure Merlot Wine,92
Landslide Regular Coffee,92
Modell Cranberry Muffins,92
Washington Strawberry Drink,92
Skinner Diet Soda,92
CDR Sesame Oil,92
Sunset Bees Wax Candles,92
Modell White Bread,92
Fort West Raspberry Fruit Roll,92
Landslide Columbian Coffee,92
Red Wing Scented Tissue,92
Hermanos Broccoli,92
Token Orange Juice,92
Red Spade Corned Beef,92
Green Ribbon Canned Peaches,92
Cormorant Toilet Bowl Cleaner,92
American Potato Salad,92
Monarch Thai Rice,92
Fast Mini Donuts,92
High Top Lettuce,92
Club Low Fat Cottage Cheese,92
Tell Tale Almonds,92
Pleasant Rice Soup,92
CDR Brown Sugar,92
Fast Low Fat Cookies,92
Pleasant Turkey Noodle Soup,91
Gulf Coast Tasty Candy Bar,91
Best Choice Low Fat Cookies,91
Fast Corn Chips,91
Fast Dried Dates,91
Washington Cream Soda,91
Club Strawberry Yogurt,91
High Quality Economy Toilet Brush,91
Best Choice Lemon Cookies,91
Club 2% Milk,91
Blue Label Canned String Beans,91
Bird Call Laundry Detergent,91
Bravo Turkey Noodle Soup,91
Tri-State Beets,91
PigTail Frozen Peas,91
Faux Products Tartar Control Toothpaste,91
Washington Mango Drink,91
Blue Label Rice Soup,91
Tri-State Garlic,91
Blue Label Creamed Corn,91
Fast Golden Raisins,90
Gorilla Whole Milk,90
Big Time Home Style French Fries,90
High Quality Counter Cleaner,90
Horatio Beef Jerky,90
High Quality Scented Tissue,90
Bravo Creamed Corn,90
High Top Fancy Plums,90
Skinner Berry Juice,90
Walrus Light Beer,90
Horatio Buttered Popcorn,90
Token Strawberry Drink,90
Red Spade Potato Salad,90
Plato Apple Butter,90
Colossal Rice Medly,90
Tell Tale Garlic,90
Sphinx Blueberry Muffins,90
Ebony Tomatos,90
Denny Economy Toilet Brush,90
American Chicken Hot Dogs,90
Washington Apple Drink,90
Best Choice Frosted Cookies,90
High Quality Screw Driver,90
PigTail Frozen Chicken Breast,90
Atomic Spicy Mints,90
Consolidated Apricot Shampoo,90
Fabulous Diet Cola,90
Golden Frozen Chicken Breast,90
Fast Potato Chips,90
Nationeel Beef Jerky,90
Club Head Cheese,89
Horatio Lemon Cookies,89
High Quality Toilet Bowl Cleaner,89
Giant Egg Substitute,89
Landslide Tomato Sauce,89
Washington Apple Juice,89
BBB Best Low Fat Apple Butter,89
Horatio Mini Donuts,89
Golden Waffles,89
Bird Call Buffered Aspirin,89
Golden Grape Popsicles,89
Tell Tale Mandarin Oranges,89
Atomic Semi-Sweet Chocolate Bar,89
Bravo Chicken Ramen Soup,89
Horatio Chocolate Chip Cookies,89
Best Choice Low Fat BBQ Chips,89
Booker Sour Cream,89
Tell Tale Canned Peanuts,89
Token Apple Juice,89
Colony Muffins,89
Just Right Large Canned Shrimp,88
Fast Strawberry Fruit Roll,88
Plato Columbian Coffee,88
High Quality Paper Plates,88
Tell Tale Macintosh Apples,88
Jumbo Small Eggs,88
Hermanos Honey Dew,88
Red Wing Scissors,88
Tri-State Onions,88
High Quality C-Size Batteries,88
Nationeel Raisins,88
Fort West Low Fat BBQ Chips,88
Blue Label Fancy Canned Sardines,87
Blue Label Fancy Canned Clams,87
Club Low Fat String Cheese,87
Landslide White Sugar,87
Golden Turkey TV Dinner,87
Steady Buffered Aspirin,87
Walrus Chardonnay Wine,87
National Egg Substitute,87
Nationeel No Salt Popcorn,87
Just Right Canned Peas,87
Washington Diet Cola,87
Robust Monthly Fashion Magazine,87
Cormorant Glass Cleaner,87
Denny Room Freshener,87
Ebony Onions,87
Shady Lake Manicotti,87
Consolidated Dishwasher Detergent,87
Best Choice Dried Apricots,87
Consolidated Tartar Control Toothpaste,86
Tell Tale Mushrooms,86
PigTail Grape Popsicles,86
Pleasant Canned Yams,86
Radius Oatmeal,86
Landslide Extra Chunky Peanut Butter,86
CDR Oregano,86
Gorilla String Cheese,86
Shady Lake Spaghetti,86
Hermanos Cantelope,86
Cormorant Paper Towels,86
Jumbo Large Brown Eggs,86
King Rosy Sunglasses,86
CDR Tomato Sauce,86
Faux Products Toothpaste,86
Bravo Canned String Beans,86
High Quality Plastic Spoons,85
Best Choice BBQ Potato Chips,85
Robust Monthly Home Magazine,85
Fort West Salsa Dip,85
Tell Tale Onions,85
Hermanos Dried Mushrooms,85
Red Spade Chicken Hot Dogs,85
Golden Frozen Pepperoni Pizza,85
High Quality 75 Watt Lightbulb,85
Top Measure Light Beer,84
Atomic Tasty Candy Bar,84
Club Whole Milk,84
Red Spade Pimento Loaf,84
Walrus Light Wine,84
Atomic Malted Milk Balls,84
Imagine Frozen Cauliflower,84
Choice Bubble Gum,84
PigTail Lemon Popsicles,84
High Quality Paper Towels,84
Denny Soft Napkins,84
Top Measure Chardonnay Wine,84
High Top Onions,84
PigTail Lime Popsicles,83
CDR Extra Chunky Peanut Butter,83
Landslide Apple Preserves,83
Tri-State Fuji Apples,83
CDR French Roast Coffee,83
Red Wing Scented Toilet Tissue,83
Best Choice Chocolate Chip Cookies,83
Sunset Scissors,82
Cutting Edge Sliced Turkey,82
High Top Plums,81
Colony Bagels,81
Club Large Curd Cottage Cheese,80
Plato Grape Jelly,79
Landslide Sesame Oil,79
National Small Eggs,79
Landslide Apple Jelly,79
Queen City Map,79
Colony Blueberry Muffins,78
Pleasant Canned String Beans,78
Tri-State Green Pepper,77
Faux Products Silky Smooth Hair Conditioner,76
Tri-State Canned Peanuts,76
Amigo Lox,70
Washington Berry Juice,54
CDR Apple Preserves,43
